date,cost_per_mb_usd,cost_per_genome_usd,source_tier,source_url,recorded_at,note
2001-09-01,5292.39,95263072,T0,https://www.genome.gov/sequencingcostsdata,2014-04-30,"NHGRI series; transcription cross-checked against public reproductions"
2002-03-01,3898.64,70175437,T0,https://www.genome.gov/sequencingcostsdata,2014-04-30,
2002-09-01,3413.80,61448422,T0,https://www.genome.gov/sequencingcostsdata,2014-04-30,
2003-03-01,2986.20,53751684,T0,https://www.genome.gov/sequencingcostsdata,2014-04-30,
2003-10-01,2230.98,40157554,T0,https://www.genome.gov/sequencingcostsdata,2014-04-30,
2004-01-01,1598.91,28780376,T0,https://www.genome.gov/sequencingcostsdata,2014-04-30,
2004-04-01,1135.70,20442576,T0,https://www.genome.gov/sequencingcostsdata,2014-04-30,
2004-07-01,1107.46,19934346,T0,https://www.genome.gov/sequencingcostsdata,2014-04-30,
2004-10-01,1028.85,18519312,T0,https://www.genome.gov/sequencingcostsdata,2014-04-30,
2005-01-01,974.16,17534970,T0,https://www.genome.gov/sequencingcostsdata,2014-04-30,
2005-04-01,897.76,16159699,T0,https://www.genome.gov/sequencingcostsdata,2014-04-30,
2005-07-01,898.90,16180224,T0,https://www.genome.gov/sequencingcostsdata,2014-04-30,
2005-10-01,766.73,13801124,T0,https://www.genome.gov/sequencingcostsdata,2014-04-30,
2006-01-01,699.20,12585659,T0,https://www.genome.gov/sequencingcostsdata,2014-04-30,
2006-04-01,651.81,11732535,T0,https://www.genome.gov/sequencingcostsdata,2014-04-30,
2006-07-01,636.41,11455315,T0,https://www.genome.gov/sequencingcostsdata,2014-04-30,
2006-10-01,581.92,10474556,T0,https://www.genome.gov/sequencingcostsdata,2014-04-30,
2007-01-01,522.71,9408739,T0,https://www.genome.gov/sequencingcostsdata,2014-04-30,
2007-04-01,502.61,9047003,T0,https://www.genome.gov/sequencingcostsdata,2014-04-30,
2007-07-01,495.96,8927342,T0,https://www.genome.gov/sequencingcostsdata,2014-04-30,
2007-10-01,397.09,7147571,T0,https://www.genome.gov/sequencingcostsdata,2014-04-30,
2008-01-01,102.13,3063820,T0,https://www.genome.gov/sequencingcostsdata,2014-04-30,"technology regime transition begins"
2008-04-01,15.03,1352982,T0,https://www.genome.gov/sequencingcostsdata,2014-04-30,
2008-07-01,8.36,752080,T0,https://www.genome.gov/sequencingcostsdata,2014-04-30,
2008-10-01,3.81,342502,T0,https://www.genome.gov/sequencingcostsdata,2014-04-30,
2009-01-01,2.59,232735,T0,https://www.genome.gov/sequencingcostsdata,2014-04-30,
2009-04-01,1.72,154714,T0,https://www.genome.gov/sequencingcostsdata,2014-04-30,
2009-07-01,1.20,108065,T0,https://www.genome.gov/sequencingcostsdata,2014-04-30,
2009-10-01,0.78,70333,T0,https://www.genome.gov/sequencingcostsdata,2014-04-30,
2010-01-01,0.52,46774,T0,https://www.genome.gov/sequencingcostsdata,2014-04-30,
2010-04-01,0.35,31512,T0,https://www.genome.gov/sequencingcostsdata,2014-04-30,
2010-07-01,0.35,31125,T0,https://www.genome.gov/sequencingcostsdata,2014-04-30,
2010-10-01,0.32,29092,T0,https://www.genome.gov/sequencingcostsdata,2014-04-30,
2011-01-01,0.23,20963,T0,https://www.genome.gov/sequencingcostsdata,2014-04-30,
2011-04-01,0.19,16712,T0,https://www.genome.gov/sequencingcostsdata,2014-04-30,
2011-07-01,0.12,10497,T0,https://www.genome.gov/sequencingcostsdata,2014-04-30,
2011-10-01,0.09,7743,T0,https://www.genome.gov/sequencingcostsdata,2014-04-30,
2012-01-01,0.09,7666,T0,https://www.genome.gov/sequencingcostsdata,2014-04-30,
2012-04-01,0.07,5901,T0,https://www.genome.gov/sequencingcostsdata,2014-04-30,
2012-07-01,0.07,5985,T0,https://www.genome.gov/sequencingcostsdata,2014-04-30,
2012-10-01,0.07,6618,T0,https://www.genome.gov/sequencingcostsdata,2014-04-30,
2013-01-01,0.06,5671,T0,https://www.genome.gov/sequencingcostsdata,2014-04-30,
2013-04-01,0.06,5826,T0,https://www.genome.gov/sequencingcostsdata,2014-04-30,
2013-07-01,0.06,5550,T0,https://www.genome.gov/sequencingcostsdata,2014-04-30,
2013-10-01,0.06,5096,T0,https://www.genome.gov/sequencingcostsdata,2014-04-30,
2014-01-01,0.04,4008,T0,https://www.genome.gov/sequencingcostsdata,2014-04-30,
2014-04-01,0.05,4920,T0,https://www.genome.gov/sequencingcostsdata,2014-04-30,
