year,direction,level,code,quantity,unit,value_usd,status,source_url,retrieved_at
2019,imports,HS6,722511,0.0,-,34624519.0,ok,https://api.census.gov/data/timeseries/intltrade/imports/hs?get=I_COMMODITY%2CCTY_CODE%2CCTY_NAME%2CCON_QY1_YR%2CUNIT_QY1%2CCON_VAL_YR&time=2019-12&COMM_LVL=HS6&I_COMMODITY=722511,2026-10-01T04:12:04+00:00
2019,imports,HS6,722611,0.0,-,16029110.0,ok,https://api.census.gov/data/timeseries/intltrade/imports/hs?get=I_COMMODITY%2CCTY_CODE%2CCTY_NAME%2CCON_QY1_YR%2CUNIT_QY1%2CCON_VAL_YR&time=2019-12&COMM_LVL=HS6&I_COMMODITY=722611,2026-10-01T04:12:04+00:00
2019,imports,HS10,7225110000,19300314.0,KG,34624519.0,ok,https://api.census.gov/data/timeseries/intltrade/imports/hs?get=I_COMMODITY%2CCTY_CODE%2CCTY_NAME%2CCON_QY1_YR%2CUNIT_QY1%2CCON_VAL_YR&time=2019-12&COMM_LVL=HS10&I_COMMODITY=7225110000,2026-10-01T04:12:04+00:00
2019,imports,HS10,7226111000,468964.0,KG,1328132.0,ok,https://api.census.gov/data/timeseries/intltrade/imports/hs?get=I_COMMODITY%2CCTY_CODE%2CCTY_NAME%2CCON_QY1_YR%2CUNIT_QY1%2CCON_VAL_YR&time=2019-12&COMM_LVL=HS10&I_COMMODITY=7226111000,2026-10-01T04:12:04+00:00
2019,imports,HS10,7226119030,5970305.0,KG,12435288.0,ok,https://api.census.gov/data/timeseries/intltrade/imports/hs?get=I_COMMODITY%2CCTY_CODE%2CCTY_NAME%2CCON_QY1_YR%2CUNIT_QY1%2CCON_VAL_YR&time=2019-12&COMM_LVL=HS10&I_COMMODITY=7226119030,2026-10-01T04:12:04+00:00
2019,imports,HS10,7226119060,1022930.0,KG,2265690.0,ok,https://api.census.gov/data/timeseries/intltrade/imports/hs?get=I_COMMODITY%2CCTY_CODE%2CCTY_NAME%2CCON_QY1_YR%2CUNIT_QY1%2CCON_VAL_YR&time=2019-12&COMM_LVL=HS10&I_COMMODITY=7226119060,2026-10-01T04:12:04+00:00
2019,exports,HS6,722511,0.0,-,63050651.0,ok,https://api.census.gov/data/timeseries/intltrade/exports/hs?get=E_COMMODITY%2CCTY_CODE%2CCTY_NAME%2CQTY_1_YR%2CUNIT_QY1%2CALL_VAL_YR&time=2019-12&COMM_LVL=HS6&E_COMMODITY=722511,2026-10-01T04:12:04+00:00
2019,exports,HS6,722611,0.0,-,27177452.0,ok,https://api.census.gov/data/timeseries/intltrade/exports/hs?get=E_COMMODITY%2CCTY_CODE%2CCTY_NAME%2CQTY_1_YR%2CUNIT_QY1%2CALL_VAL_YR&time=2019-12&COMM_LVL=HS6&E_COMMODITY=722611,2026-10-01T04:12:04+00:00
2019,exports,HS10,7225110000,31239459.0,KG,63050651.0,ok,https://api.census.gov/data/timeseries/intltrade/exports/hs?get=E_COMMODITY%2CCTY_CODE%2CCTY_NAME%2CQTY_1_YR%2CUNIT_QY1%2CALL_VAL_YR&time=2019-12&COMM_LVL=HS10&E_COMMODITY=7225110000,2026-10-01T04:12:04+00:00
2019,exports,HS10,7226110000,14467356.0,KG,27177452.0,ok,https://api.census.gov/data/timeseries/intltrade/exports/hs?get=E_COMMODITY%2CCTY_CODE%2CCTY_NAME%2CQTY_1_YR%2CUNIT_QY1%2CALL_VAL_YR&time=2019-12&COMM_LVL=HS10&E_COMMODITY=7226110000,2026-10-01T04:12:04+00:00
2020,imports,HS6,722511,0.0,-,31342634.0,ok,https://api.census.gov/data/timeseries/intltrade/imports/hs?get=I_COMMODITY%2CCTY_CODE%2CCTY_NAME%2CCON_QY1_YR%2CUNIT_QY1%2CCON_VAL_YR&time=2020-12&COMM_LVL=HS6&I_COMMODITY=722511,2026-10-01T04:12:04+00:00
2020,imports,HS6,722611,0.0,-,19500749.0,ok,https://api.census.gov/data/timeseries/intltrade/imports/hs?get=I_COMMODITY%2CCTY_CODE%2CCTY_NAME%2CCON_QY1_YR%2CUNIT_QY1%2CCON_VAL_YR&time=2020-12&COMM_LVL=HS6&I_COMMODITY=722611,2026-10-01T04:12:04+00:00
2020,imports,HS10,7225110000,16714817.0,KG,31342634.0,ok,https://api.census.gov/data/timeseries/intltrade/imports/hs?get=I_COMMODITY%2CCTY_CODE%2CCTY_NAME%2CCON_QY1_YR%2CUNIT_QY1%2CCON_VAL_YR&time=2020-12&COMM_LVL=HS10&I_COMMODITY=7225110000,2026-10-01T04:12:04+00:00
2020,imports,HS10,7226111000,7205176.0,KG,15218044.0,ok,https://api.census.gov/data/timeseries/intltrade/imports/hs?get=I_COMMODITY%2CCTY_CODE%2CCTY_NAME%2CCON_QY1_YR%2CUNIT_QY1%2CCON_VAL_YR&time=2020-12&COMM_LVL=HS10&I_COMMODITY=7226111000,2026-10-01T04:12:04+00:00
2020,imports,HS10,7226119030,862995.0,KG,1914019.0,ok,https://api.census.gov/data/timeseries/intltrade/imports/hs?get=I_COMMODITY%2CCTY_CODE%2CCTY_NAME%2CCON_QY1_YR%2CUNIT_QY1%2CCON_VAL_YR&time=2020-12&COMM_LVL=HS10&I_COMMODITY=7226119030,2026-10-01T04:12:04+00:00
2020,imports,HS10,7226119060,1435471.0,KG,2368686.0,ok,https://api.census.gov/data/timeseries/intltrade/imports/hs?get=I_COMMODITY%2CCTY_CODE%2CCTY_NAME%2CCON_QY1_YR%2CUNIT_QY1%2CCON_VAL_YR&time=2020-12&COMM_LVL=HS10&I_COMMODITY=7226119060,2026-10-01T04:12:04+00:00
2020,exports,HS6,722511,0.0,-,32399722.0,ok,https://api.census.gov/data/timeseries/intltrade/exports/hs?get=E_COMMODITY%2CCTY_CODE%2CCTY_NAME%2CQTY_1_YR%2CUNIT_QY1%2CALL_VAL_YR&time=2020-12&COMM_LVL=HS6&E_COMMODITY=722511,2026-10-01T04:12:04+00:00
2020,exports,HS6,722611,0.0,-,19747202.0,ok,https://api.census.gov/data/timeseries/intltrade/exports/hs?get=E_COMMODITY%2CCTY_CODE%2CCTY_NAME%2CQTY_1_YR%2CUNIT_QY1%2CALL_VAL_YR&time=2020-12&COMM_LVL=HS6&E_COMMODITY=722611,2026-10-01T04:12:04+00:00
2020,exports,HS10,7225110000,19143068.0,KG,32399722.0,ok,https://api.census.gov/data/timeseries/intltrade/exports/hs?get=E_COMMODITY%2CCTY_CODE%2CCTY_NAME%2CQTY_1_YR%2CUNIT_QY1%2CALL_VAL_YR&time=2020-12&COMM_LVL=HS10&E_COMMODITY=7225110000,2026-10-01T04:12:04+00:00
2020,exports,HS10,7226110000,11455041.0,KG,19747202.0,ok,https://api.census.gov/data/timeseries/intltrade/exports/hs?get=E_COMMODITY%2CCTY_CODE%2CCTY_NAME%2CQTY_1_YR%2CUNIT_QY1%2CALL_VAL_YR&time=2020-12&COMM_LVL=HS10&E_COMMODITY=7226110000,2026-10-01T04:12:04+00:00
2021,imports,HS6,722511,0.0,-,34895126.0,ok,https://api.census.gov/data/timeseries/intltrade/imports/hs?get=I_COMMODITY%2CCTY_CODE%2CCTY_NAME%2CCON_QY1_YR%2CUNIT_QY1%2CCON_VAL_YR&time=2021-12&COMM_LVL=HS6&I_COMMODITY=722511,2026-10-01T04:12:04+00:00
2021,imports,HS6,722611,0.0,-,54158521.0,ok,https://api.census.gov/data/timeseries/intltrade/imports/hs?get=I_COMMODITY%2CCTY_CODE%2CCTY_NAME%2CCON_QY1_YR%2CUNIT_QY1%2CCON_VAL_YR&time=2021-12&COMM_LVL=HS6&I_COMMODITY=722611,2026-10-01T04:12:04+00:00
2021,imports,HS10,7225110000,17475078.0,KG,34895126.0,ok,https://api.census.gov/data/timeseries/intltrade/imports/hs?get=I_COMMODITY%2CCTY_CODE%2CCTY_NAME%2CCON_QY1_YR%2CUNIT_QY1%2CCON_VAL_YR&time=2021-12&COMM_LVL=HS10&I_COMMODITY=7225110000,2026-10-01T04:12:04+00:00
2021,imports,HS10,7226111000,8246928.0,KG,18420311.0,ok,https://api.census.gov/data/timeseries/intltrade/imports/hs?get=I_COMMODITY%2CCTY_CODE%2CCTY_NAME%2CCON_QY1_YR%2CUNIT_QY1%2CCON_VAL_YR&time=2021-12&COMM_LVL=HS10&I_COMMODITY=7226111000,2026-10-01T04:12:04+00:00
2021,imports,HS10,7226119030,9733921.0,KG,20960301.0,ok,https://api.census.gov/data/timeseries/intltrade/imports/hs?get=I_COMMODITY%2CCTY_CODE%2CCTY_NAME%2CCON_QY1_YR%2CUNIT_QY1%2CCON_VAL_YR&time=2021-12&COMM_LVL=HS10&I_COMMODITY=7226119030,2026-10-01T04:12:04+00:00
2021,imports,HS10,7226119060,6380395.0,KG,14777909.0,ok,https://api.census.gov/data/timeseries/intltrade/imports/hs?get=I_COMMODITY%2CCTY_CODE%2CCTY_NAME%2CCON_QY1_YR%2CUNIT_QY1%2CCON_VAL_YR&time=2021-12&COMM_LVL=HS10&I_COMMODITY=7226119060,2026-10-01T04:12:04+00:00
2021,exports,HS6,722511,0.0,-,101116457.0,ok,https://api.census.gov/data/timeseries/intltrade/exports/hs?get=E_COMMODITY%2CCTY_CODE%2CCTY_NAME%2CQTY_1_YR%2CUNIT_QY1%2CALL_VAL_YR&time=2021-12&COMM_LVL=HS6&E_COMMODITY=722511,2026-10-01T04:12:04+00:00
2021,exports,HS6,722611,0.0,-,13840397.0,ok,https://api.census.gov/data/timeseries/intltrade/exports/hs?get=E_COMMODITY%2CCTY_CODE%2CCTY_NAME%2CQTY_1_YR%2CUNIT_QY1%2CALL_VAL_YR&time=2021-12&COMM_LVL=HS6&E_COMMODITY=722611,2026-10-01T04:12:04+00:00
2021,exports,HS10,7225110000,40068992.0,KG,101116457.0,ok,https://api.census.gov/data/timeseries/intltrade/exports/hs?get=E_COMMODITY%2CCTY_CODE%2CCTY_NAME%2CQTY_1_YR%2CUNIT_QY1%2CALL_VAL_YR&time=2021-12&COMM_LVL=HS10&E_COMMODITY=7225110000,2026-10-01T04:12:04+00:00
2021,exports,HS10,7226110000,7593114.0,KG,13840397.0,ok,https://api.census.gov/data/timeseries/intltrade/exports/hs?get=E_COMMODITY%2CCTY_CODE%2CCTY_NAME%2CQTY_1_YR%2CUNIT_QY1%2CALL_VAL_YR&time=2021-12&COMM_LVL=HS10&E_COMMODITY=7226110000,2026-10-01T04:12:04+00:00
2022,imports,HS6,722511,0.0,-,20045548.0,ok,https://api.census.gov/data/timeseries/intltrade/imports/hs?get=I_COMMODITY%2CCTY_CODE%2CCTY_NAME%2CCON_QY1_YR%2CUNIT_QY1%2CCON_VAL_YR&time=2022-12&COMM_LVL=HS6&I_COMMODITY=722511,2026-10-01T04:12:04+00:00
2022,imports,HS6,722611,0.0,-,47398057.0,ok,https://api.census.gov/data/timeseries/intltrade/imports/hs?get=I_COMMODITY%2CCTY_CODE%2CCTY_NAME%2CCON_QY1_YR%2CUNIT_QY1%2CCON_VAL_YR&time=2022-12&COMM_LVL=HS6&I_COMMODITY=722611,2026-10-01T04:12:04+00:00
2022,imports,HS10,7225110000,6563632.0,KG,20045548.0,ok,https://api.census.gov/data/timeseries/intltrade/imports/hs?get=I_COMMODITY%2CCTY_CODE%2CCTY_NAME%2CCON_QY1_YR%2CUNIT_QY1%2CCON_VAL_YR&time=2022-12&COMM_LVL=HS10&I_COMMODITY=7225110000,2026-10-01T04:12:04+00:00
2022,imports,HS10,7226111000,4022565.0,KG,12274997.0,ok,https://api.census.gov/data/timeseries/intltrade/imports/hs?get=I_COMMODITY%2CCTY_CODE%2CCTY_NAME%2CCON_QY1_YR%2CUNIT_QY1%2CCON_VAL_YR&time=2022-12&COMM_LVL=HS10&I_COMMODITY=7226111000,2026-10-01T04:12:04+00:00
2022,imports,HS10,7226119030,3715603.0,KG,13866647.0,ok,https://api.census.gov/data/timeseries/intltrade/imports/hs?get=I_COMMODITY%2CCTY_CODE%2CCTY_NAME%2CCON_QY1_YR%2CUNIT_QY1%2CCON_VAL_YR&time=2022-12&COMM_LVL=HS10&I_COMMODITY=7226119030,2026-10-01T04:12:04+00:00
2022,imports,HS10,7226119060,5648877.0,KG,21256413.0,ok,https://api.census.gov/data/timeseries/intltrade/imports/hs?get=I_COMMODITY%2CCTY_CODE%2CCTY_NAME%2CCON_QY1_YR%2CUNIT_QY1%2CCON_VAL_YR&time=2022-12&COMM_LVL=HS10&I_COMMODITY=7226119060,2026-10-01T04:12:04+00:00
2022,exports,HS6,722511,0.0,-,211318072.0,ok,https://api.census.gov/data/timeseries/intltrade/exports/hs?get=E_COMMODITY%2CCTY_CODE%2CCTY_NAME%2CQTY_1_YR%2CUNIT_QY1%2CALL_VAL_YR&time=2022-12&COMM_LVL=HS6&E_COMMODITY=722511,2026-10-01T04:12:04+00:00
2022,exports,HS6,722611,0.0,-,28238307.0,ok,https://api.census.gov/data/timeseries/intltrade/exports/hs?get=E_COMMODITY%2CCTY_CODE%2CCTY_NAME%2CQTY_1_YR%2CUNIT_QY1%2CALL_VAL_YR&time=2022-12&COMM_LVL=HS6&E_COMMODITY=722611,2026-10-01T04:12:04+00:00
2022,exports,HS10,7225110000,61031201.0,KG,211318072.0,ok,https://api.census.gov/data/timeseries/intltrade/exports/hs?get=E_COMMODITY%2CCTY_CODE%2CCTY_NAME%2CQTY_1_YR%2CUNIT_QY1%2CALL_VAL_YR&time=2022-12&COMM_LVL=HS10&E_COMMODITY=7225110000,2026-10-01T04:12:04+00:00
2022,exports,HS10,7226110000,10845631.0,KG,28238307.0,ok,https://api.census.gov/data/timeseries/intltrade/exports/hs?get=E_COMMODITY%2CCTY_CODE%2CCTY_NAME%2CQTY_1_YR%2CUNIT_QY1%2CALL_VAL_YR&time=2022-12&COMM_LVL=HS10&E_COMMODITY=7226110000,2026-10-01T04:12:04+00:00
2023,imports,HS6,722511,0.0,-,58202902.0,ok,https://api.census.gov/data/timeseries/intltrade/imports/hs?get=I_COMMODITY%2CCTY_CODE%2CCTY_NAME%2CCON_QY1_YR%2CUNIT_QY1%2CCON_VAL_YR&time=2023-12&COMM_LVL=HS6&I_COMMODITY=722511,2026-10-01T04:12:04+00:00
2023,imports,HS6,722611,0.0,-,66820912.0,ok,https://api.census.gov/data/timeseries/intltrade/imports/hs?get=I_COMMODITY%2CCTY_CODE%2CCTY_NAME%2CCON_QY1_YR%2CUNIT_QY1%2CCON_VAL_YR&time=2023-12&COMM_LVL=HS6&I_COMMODITY=722611,2026-10-01T04:12:04+00:00
2023,imports,HS10,7225110000,14280833.0,KG,58202902.0,ok,https://api.census.gov/data/timeseries/intltrade/imports/hs?get=I_COMMODITY%2CCTY_CODE%2CCTY_NAME%2CCON_QY1_YR%2CUNIT_QY1%2CCON_VAL_YR&time=2023-12&COMM_LVL=HS10&I_COMMODITY=7225110000,2026-10-01T04:12:04+00:00
2023,imports,HS10,7226111000,5199038.0,KG,17988623.0,ok,https://api.census.gov/data/timeseries/intltrade/imports/hs?get=I_COMMODITY%2CCTY_CODE%2CCTY_NAME%2CCON_QY1_YR%2CUNIT_QY1%2CCON_VAL_YR&time=2023-12&COMM_LVL=HS10&I_COMMODITY=7226111000,2026-10-01T04:12:04+00:00
2023,imports,HS10,7226119030,3645862.0,KG,16291301.0,ok,https://api.census.gov/data/timeseries/intltrade/imports/hs?get=I_COMMODITY%2CCTY_CODE%2CCTY_NAME%2CCON_QY1_YR%2CUNIT_QY1%2CCON_VAL_YR&time=2023-12&COMM_LVL=HS10&I_COMMODITY=7226119030,2026-10-01T04:12:04+00:00
2023,imports,HS10,7226119060,8289192.0,KG,32540988.0,ok,https://api.census.gov/data/timeseries/intltrade/imports/hs?get=I_COMMODITY%2CCTY_CODE%2CCTY_NAME%2CCON_QY1_YR%2CUNIT_QY1%2CCON_VAL_YR&time=2023-12&COMM_LVL=HS10&I_COMMODITY=7226119060,2026-10-01T04:12:04+00:00
2023,exports,HS6,722511,0.0,-,167141050.0,ok,https://api.census.gov/data/timeseries/intltrade/exports/hs?get=E_COMMODITY%2CCTY_CODE%2CCTY_NAME%2CQTY_1_YR%2CUNIT_QY1%2CALL_VAL_YR&time=2023-12&COMM_LVL=HS6&E_COMMODITY=722511,2026-10-01T04:12:04+00:00
2023,exports,HS6,722611,0.0,-,33258142.0,ok,https://api.census.gov/data/timeseries/intltrade/exports/hs?get=E_COMMODITY%2CCTY_CODE%2CCTY_NAME%2CQTY_1_YR%2CUNIT_QY1%2CALL_VAL_YR&time=2023-12&COMM_LVL=HS6&E_COMMODITY=722611,2026-10-01T04:12:04+00:00
2023,exports,HS10,7225110000,35573443.0,KG,167141050.0,ok,https://api.census.gov/data/timeseries/intltrade/exports/hs?get=E_COMMODITY%2CCTY_CODE%2CCTY_NAME%2CQTY_1_YR%2CUNIT_QY1%2CALL_VAL_YR&time=2023-12&COMM_LVL=HS10&E_COMMODITY=7225110000,2026-10-01T04:12:04+00:00
2023,exports,HS10,7226110000,10239731.0,KG,33258142.0,ok,https://api.census.gov/data/timeseries/intltrade/exports/hs?get=E_COMMODITY%2CCTY_CODE%2CCTY_NAME%2CQTY_1_YR%2CUNIT_QY1%2CALL_VAL_YR&time=2023-12&COMM_LVL=HS10&E_COMMODITY=7226110000,2026-10-01T04:12:04+00:00
2024,imports,HS6,722511,0.0,-,70689069.0,ok,https://api.census.gov/data/timeseries/intltrade/imports/hs?get=I_COMMODITY%2CCTY_CODE%2CCTY_NAME%2CCON_QY1_YR%2CUNIT_QY1%2CCON_VAL_YR&time=2024-12&COMM_LVL=HS6&I_COMMODITY=722511,2026-10-01T04:12:04+00:00
2024,imports,HS6,722611,0.0,-,45129399.0,ok,https://api.census.gov/data/timeseries/intltrade/imports/hs?get=I_COMMODITY%2CCTY_CODE%2CCTY_NAME%2CCON_QY1_YR%2CUNIT_QY1%2CCON_VAL_YR&time=2024-12&COMM_LVL=HS6&I_COMMODITY=722611,2026-10-01T04:12:04+00:00
2024,imports,HS10,7225110000,21757828.0,KG,70689069.0,ok,https://api.census.gov/data/timeseries/intltrade/imports/hs?get=I_COMMODITY%2CCTY_CODE%2CCTY_NAME%2CCON_QY1_YR%2CUNIT_QY1%2CCON_VAL_YR&time=2024-12&COMM_LVL=HS10&I_COMMODITY=7225110000,2026-10-01T04:12:04+00:00
2024,imports,HS10,7226111000,4049528.0,KG,10650704.0,ok,https://api.census.gov/data/timeseries/intltrade/imports/hs?get=I_COMMODITY%2CCTY_CODE%2CCTY_NAME%2CCON_QY1_YR%2CUNIT_QY1%2CCON_VAL_YR&time=2024-12&COMM_LVL=HS10&I_COMMODITY=7226111000,2026-10-01T04:12:04+00:00
2024,imports,HS10,7226119030,4420636.0,KG,18227719.0,ok,https://api.census.gov/data/timeseries/intltrade/imports/hs?get=I_COMMODITY%2CCTY_CODE%2CCTY_NAME%2CCON_QY1_YR%2CUNIT_QY1%2CCON_VAL_YR&time=2024-12&COMM_LVL=HS10&I_COMMODITY=7226119030,2026-10-01T04:12:04+00:00
2024,imports,HS10,7226119060,4945787.0,KG,16250976.0,ok,https://api.census.gov/data/timeseries/intltrade/imports/hs?get=I_COMMODITY%2CCTY_CODE%2CCTY_NAME%2CCON_QY1_YR%2CUNIT_QY1%2CCON_VAL_YR&time=2024-12&COMM_LVL=HS10&I_COMMODITY=7226119060,2026-10-01T04:12:04+00:00
2024,exports,HS6,722511,0.0,-,112144926.0,ok,https://api.census.gov/data/timeseries/intltrade/exports/hs?get=E_COMMODITY%2CCTY_CODE%2CCTY_NAME%2CQTY_1_YR%2CUNIT_QY1%2CALL_VAL_YR&time=2024-12&COMM_LVL=HS6&E_COMMODITY=722511,2026-10-01T04:12:04+00:00
2024,exports,HS6,722611,0.0,-,44411132.0,ok,https://api.census.gov/data/timeseries/intltrade/exports/hs?get=E_COMMODITY%2CCTY_CODE%2CCTY_NAME%2CQTY_1_YR%2CUNIT_QY1%2CALL_VAL_YR&time=2024-12&COMM_LVL=HS6&E_COMMODITY=722611,2026-10-01T04:12:04+00:00
2024,exports,HS10,7225110000,27750857.0,KG,112144926.0,ok,https://api.census.gov/data/timeseries/intltrade/exports/hs?get=E_COMMODITY%2CCTY_CODE%2CCTY_NAME%2CQTY_1_YR%2CUNIT_QY1%2CALL_VAL_YR&time=2024-12&COMM_LVL=HS10&E_COMMODITY=7225110000,2026-10-01T04:12:04+00:00
2024,exports,HS10,7226110000,9771909.0,KG,44411132.0,ok,https://api.census.gov/data/timeseries/intltrade/exports/hs?get=E_COMMODITY%2CCTY_CODE%2CCTY_NAME%2CQTY_1_YR%2CUNIT_QY1%2CALL_VAL_YR&time=2024-12&COMM_LVL=HS10&E_COMMODITY=7226110000,2026-10-01T04:12:04+00:00
2025,imports,HS6,722511,0.0,-,32203811.0,ok,https://api.census.gov/data/timeseries/intltrade/imports/hs?get=I_COMMODITY%2CCTY_CODE%2CCTY_NAME%2CCON_QY1_YR%2CUNIT_QY1%2CCON_VAL_YR&time=2025-12&COMM_LVL=HS6&I_COMMODITY=722511,2026-10-01T04:12:04+00:00
2025,imports,HS6,722611,0.0,-,31579687.0,ok,https://api.census.gov/data/timeseries/intltrade/imports/hs?get=I_COMMODITY%2CCTY_CODE%2CCTY_NAME%2CCON_QY1_YR%2CUNIT_QY1%2CCON_VAL_YR&time=2025-12&COMM_LVL=HS6&I_COMMODITY=722611,2026-10-01T04:12:04+00:00
2025,imports,HS10,7225110000,10063750.0,KG,32203811.0,ok,https://api.census.gov/data/timeseries/intltrade/imports/hs?get=I_COMMODITY%2CCTY_CODE%2CCTY_NAME%2CCON_QY1_YR%2CUNIT_QY1%2CCON_VAL_YR&time=2025-12&COMM_LVL=HS10&I_COMMODITY=7225110000,2026-10-01T04:12:04+00:00
2025,imports,HS10,7226111000,3792016.0,KG,11445498.0,ok,https://api.census.gov/data/timeseries/intltrade/imports/hs?get=I_COMMODITY%2CCTY_CODE%2CCTY_NAME%2CCON_QY1_YR%2CUNIT_QY1%2CCON_VAL_YR&time=2025-12&COMM_LVL=HS10&I_COMMODITY=7226111000,2026-10-01T04:12:04+00:00
2025,imports,HS10,7226119030,2707953.0,KG,8576949.0,ok,https://api.census.gov/data/timeseries/intltrade/imports/hs?get=I_COMMODITY%2CCTY_CODE%2CCTY_NAME%2CCON_QY1_YR%2CUNIT_QY1%2CCON_VAL_YR&time=2025-12&COMM_LVL=HS10&I_COMMODITY=7226119030,2026-10-01T04:12:04+00:00
2025,imports,HS10,7226119060,3256874.0,KG,11557240.0,ok,https://api.census.gov/data/timeseries/intltrade/imports/hs?get=I_COMMODITY%2CCTY_CODE%2CCTY_NAME%2CCON_QY1_YR%2CUNIT_QY1%2CCON_VAL_YR&time=2025-12&COMM_LVL=HS10&I_COMMODITY=7226119060,2026-10-01T04:12:04+00:00
2025,exports,HS6,722511,0.0,-,161415441.0,ok,https://api.census.gov/data/timeseries/intltrade/exports/hs?get=E_COMMODITY%2CCTY_CODE%2CCTY_NAME%2CQTY_1_YR%2CUNIT_QY1%2CALL_VAL_YR&time=2025-12&COMM_LVL=HS6&E_COMMODITY=722511,2026-10-01T04:12:04+00:00
2025,exports,HS6,722611,0.0,-,31113646.0,ok,https://api.census.gov/data/timeseries/intltrade/exports/hs?get=E_COMMODITY%2CCTY_CODE%2CCTY_NAME%2CQTY_1_YR%2CUNIT_QY1%2CALL_VAL_YR&time=2025-12&COMM_LVL=HS6&E_COMMODITY=722611,2026-10-01T04:12:04+00:00
2025,exports,HS10,7225110000,36344856.0,KG,161415441.0,ok,https://api.census.gov/data/timeseries/intltrade/exports/hs?get=E_COMMODITY%2CCTY_CODE%2CCTY_NAME%2CQTY_1_YR%2CUNIT_QY1%2CALL_VAL_YR&time=2025-12&COMM_LVL=HS10&E_COMMODITY=7225110000,2026-10-01T04:12:04+00:00
2025,exports,HS10,7226110000,7438420.0,KG,31113646.0,ok,https://api.census.gov/data/timeseries/intltrade/exports/hs?get=E_COMMODITY%2CCTY_CODE%2CCTY_NAME%2CQTY_1_YR%2CUNIT_QY1%2CALL_VAL_YR&time=2025-12&COMM_LVL=HS10&E_COMMODITY=7226110000,2026-10-01T04:12:04+00:00
