evidence_id,published,claim,source_url,tier,note
DOE2024_EQUIP,2024-07-10,"Specialty factory equipment such as winding machines or core tables can take 1-2 years to obtain.",https://www.energy.gov/sites/default/files/2024-10/EXEC-2022-001242%20-%20Large%20Power%20Transformer%20Resilience%20Report%20signed%20by%20Secretary%20Granholm%20on%207-10-24.pdf,T0,DOE LPT Resilience Report
DOE2024_GOES,2024-07-10,"Cleveland-Cliffs is the sole active domestic GOES supplier and can meet about 12-20% of domestic GOES demand; DOE identifies improved domestic GOES capability as a near-term opportunity.",https://www.energy.gov/sites/default/files/2024-10/EXEC-2022-001242%20-%20Large%20Power%20Transformer%20Resilience%20Report%20signed%20by%20Secretary%20Granholm%20on%207-10-24.pdf,T0,Do not equate domestic share with total material availability
DOE2024_IMPORT,2024-07-10,"DOE reports strong foreign dependence across GOES forms and cites 82% import share for LPTs in the underlying Commerce assessment.",https://www.energy.gov/sites/default/files/2024-10/EXEC-2022-001242%20-%20Large%20Power%20Transformer%20Resilience%20Report%20signed%20by%20Secretary%20Granholm%20on%207-10-24.pdf,T0,Trade categories have known classification ambiguity
DOE2022_INPUTS,2022-02-24,"GOES, continuously transposed copper wire and insulating materials significantly influence LPT availability and price.",https://www.energy.gov/sites/default/files/2022-02/Electric%20Grid%20Supply%20Chain%20Report%20-%20Final_0.pdf,T0,Qualitative dependency evidence
DOE2014_CUSTOM,2014-04-01,"LPTs are custom-made, difficult to transport, and typically have procurement lead times of one year or longer.",https://www.energy.gov/sites/default/files/2014/04/f15/LPTStudyUpdate-040914.pdf,T0,Historical baseline
DOE2024_DEMAND,2024-07-10,"In 2019 U.S. demand for new transformers above 60 MVA was about 750 units; DOE cites expected domestic demand of about 900 units annually by 2027.",https://www.energy.gov/sites/default/files/2024-10/EXEC-2022-001242%20-%20Large%20Power%20Transformer%20Resilience%20Report%20signed%20by%20Secretary%20Granholm%20on%207-10-24.pdf,T0,"Demand anchor; >60 MVA differs from >=100 MVA LPT definition used elsewhere"
DOE2024_IMPORT80,2024-07-10,"Over 80 percent of new U.S. transformers above 60 MVA in 2019 were imported.",https://www.energy.gov/sites/default/files/2024-10/EXEC-2022-001242%20-%20Large%20Power%20Transformer%20Resilience%20Report%20signed%20by%20Secretary%20Granholm%20on%207-10-24.pdf,T0,"Implies domestic supply was less than about 150 of the ~750 units, subject to category definition"
DOE2024_LEAD,2024-07-10,"LPT acquisition lead times commonly quoted at 36 months and as high as 60 months.",https://www.energy.gov/sites/default/files/2024-10/EXEC-2022-001242%20-%20Large%20Power%20Transformer%20Resilience%20Report%20signed%20by%20Secretary%20Granholm%20on%207-10-24.pdf,T0,"Current resilience report"
DOE2026_INTERCHANGE,2026-01-21,"Large power transformers have limited interchangeability, about 1.3 units made per design; DOE also shows rising import dependence.",https://arpa-e.energy.gov/sites/default/files/2026-02/Andre%20Pereira%20-%20cleared%20for%20posting.pdf,T0,"DOE Office of Electricity presentation; design standardization may be an intervention class but effect size is not identified"
DOC2021_LPT_OUTPUT,2021-11-18,"Commerce Section 232 survey reports 137 transformers above 100000 kVA produced domestically in 2019.",https://regulations.justia.com/regulations/fedreg/2021/11/18/2021-24958.html,T0,"Federal Register publication of Commerce investigation; direct production anchor"
DOC2021_GOES_IMPORT,2021-11-18,"Commerce estimated about 68,000 metric tons of GOES were imported in 2019 in transformer laminations and cores and estimated GOES import penetration around 44% under its broader accounting.",https://regulations.justia.com/regulations/fedreg/2021/11/18/2021-24958.html,T0,"Important definition conflict with DOE downstream-form percentages; preserve rather than reconcile silently"
WOODMAC2025_DEFICIT,2025-07-29,"Wood Mackenzie estimated a 30% U.S. power-transformer supply deficit in 2025 and imports at about 80% of U.S. power-transformer supply.",https://www.woodmac.com/press-releases/power-transformers-and-distribution-transformers-will-face-supply-deficits-of-30-and-10-in-2025/,T1,"Market-analysis evidence; not plant-stage capacity microdata"
WOODMAC2024_LEAD,2024-06-18,"Wood Mackenzie reported power and GSU transformer lead times had tripled since 2021 to about 150 weeks ARO over the preceding two quarters.",https://www.woodmac.com/news/opinion/4-years-into-a-difficult-transformers-market-in-the-us-is-there-a-potential-end-in-sight/,T1,"Market lead-time evidence; product mix differs from DOE >=100 MVA definition"
DOE2024_BUILDSLOTS,2024-07-10,"LPT factories have finite build slots shared among LPTs smaller transformers and refurbishment; capacity cannot easily be expanded except by building a new facility; new factory construction takes 1-3 years.",https://www.energy.gov/sites/default/files/2024-10/EXEC-2022-001242%20-%20Large%20Power%20Transformer%20Resilience%20Report%20signed%20by%20Secretary%20Granholm%20on%207-10-24.pdf,T0,"Capacity is product-mix dependent; nameplate unit counts are an accounting abstraction"
DOE2024_WORKFORCE,2024-07-10,"Commerce survey of 87 domestic LPT component manufacturers found 89% had difficulty finding qualified or experienced workers and 66% identified it as ongoing; welding coil winding and transformer testing were named training needs.",https://www.energy.gov/sites/default/files/2024-10/EXEC-2022-001242%20-%20Large%20Power%20Transformer%20Resilience%20Report%20signed%20by%20Secretary%20Granholm%20on%207-10-24.pdf,T0,"Prevalence evidence supports workforce as a serious constraint hypothesis but does not identify its marginal throughput effect"
DOE2024_TESTSPACE,2024-07-10,"DOE reports that because facilities share production across transformer classes increased test space could help ease manufacturing bottlenecks.",https://www.energy.gov/sites/default/files/2024-10/EXEC-2022-001242%20-%20Large%20Power%20Transformer%20Resilience%20Report%20signed%20by%20Secretary%20Granholm%20on%207-10-24.pdf,T0,"Directional intervention evidence; no public effect size"
SIEMENS2024_CHARLOTTE,2024-02-16,"Siemens Energy Charlotte expansion was announced for 24 new LPTs/year initially and 57/year at full capacity plus refurbishment capacity.",https://www.publicpower.org/periodical/article/siemens-energy-expanding-nc-facility-new-refurbished-large-transformers,T1,"APPA reporting Siemens announcement; 57/year is the only disclosed unit-rate addition used in Run 010 arithmetic"
HITACHI2025_SOUTHBOSTON,2025-09-04,"Hitachi announced $457 million for a new large-power-transformer facility in South Boston Virginia creating more than 825 jobs; public release does not state units/year.",https://www.hitachi.com/en-us/press/hitachi-announces-historic-1-billion-usd-manufacturing-investment-to-power-americas-energy-future/,T0,"Do not invent unit capacity from investment or jobs"
PROLEC2025_GOLDSBORO,2025-05-14,"Prolec GE announced a $140 million Goldsboro NC medium-power-transformer expansion adding a projected 200 units/year by 2030; the self-contained line includes core cutting coil winding assembly and testing and more than 330 jobs.",https://www.prolec.energy/news/prolec-ge-invests-an-additional-140-million-in-the-u-s-to-support-north-american-electric-grid-goals/,T0,"Not LPT-definition compatible; valuable natural experiment because unit capacity, stages, jobs and commissioning horizon are disclosed"
HITACHI2026_SOUTHBOSTON_GB,2026-06-29,"Hitachi Energy broke ground on the $457 million South Boston VA large-power-transformer expansion on 2026-06-29; about 825 new jobs are planned, but no public units/year output rate is stated.",https://www.hitachienergy.com/us/en/news-and-events/press-releases/2026/06/hitachi-energy-breaks-ground-on-the-nation-s-largest-facility-for-the-production-of-large-power-transformers-in-south-boston-virginia,T0,"Dated treatment milestone for future event study; effect size unavailable before post-commissioning outcomes"
HITACHI2026_MISSISSIPPI,2026-09-15,"Hitachi Energy announced a $528 million Gallman MS transformer facility more than twice the size of Crystal Springs and stated it will double production capacity while creating over 700 jobs.",https://www.hitachienergy.com/news-and-events/press-releases/2026/09/hitachi-deepens-commitment-to-u-s-manufacturing-with-528-million-mississippi-transformer-factory,T0,"Relative capacity effect is disclosed but product mix and absolute units/year are not; do not convert doubling into LPT units"
