quarter,preliminary_release,preliminary_pct,revised_release,revised_pct,source_url
2015Q1,2015-05-06,-1.9,2015-06-04,-3.1,https://www.bls.gov/news.release/archives/prod2_06042015.htm
2015Q2,2015-08-11,1.3,2015-09-02,3.3,https://www.bls.gov/news.release/archives/prod2_09022015.htm
2015Q3,2015-11-05,1.6,2015-12-02,2.2,https://www.bls.gov/news.release/archives/prod2_12022015.htm
2016Q1,2016-05-04,-1.0,2016-06-07,-0.6,https://www.bls.gov/news.release/archives/prod2_06072016.htm
2016Q2,2016-08-09,-0.5,2016-09-01,-0.6,https://www.bls.gov/news.release/archives/prod2_09012016.htm
2017Q2,2017-08-09,0.9,2017-09-07,1.5,https://www.bls.gov/news.release/archives/prod2_09072017.htm
2017Q3,2017-11-02,3.0,2017-12-06,3.0,https://www.bls.gov/news.release/archives/prod2_12062017.htm
2018Q2,2018-08-15,2.9,2018-09-06,2.9,https://www.bls.gov/news.release/archives/prod2_09062018.htm
2019Q1,2019-05-02,3.6,2019-06-06,3.4,https://www.bls.gov/news.release/archives/prod2_06062019.htm
